kitchen_power,A90
kitchen_power,A90
kitchen_power,A90
kitchen_power,A90
kitchen_power,A90
kitchen_power,A90
kitchen_power,A90
kitchen_power,A90
kitchen_power,A90
kitchen_power,
kitchen_power,A90
kitchen_input,A5
kitchen_input,0
kitchen_input,A50
kitchen_input,A50
kitchen_input,A50
kitchen_input,A50
kitchen_input,
kitchen_input,A50
kitchen_input,A5
kitchen_input,0
kitchen_input,A50
kitchen_input,A50
kitchen_input,A50
kitchen_input,A50
kitchen_input,A50
kitchen_input,
kitchen_input,A50
kitchen_input,A50
kitchen_sync_menu,D58
kitchen_sync_menu,FFFFFFFF
kitchen_sync_menu,FFFF
kitchen_sync_menu,FFFF
kitchen_sync_menu,FFFFFFFF
kitchen_sync_menu,
kitchen_sync_menu,FFFFFFFF
kitchen_sync_menu,D58
kitchen_sync_menu,FFFFFFFF
kitchen_sync_menu,FFF
kitchen_sync_menu,FFFFF
kitchen_sync_menu,FFFFFFF
kitchen_sync_menu,F
kitchen_sync_menu,D58
kitchen_sync_menu,FFFFFFFF
kitchen_sync_menu,F
kitchen_sync_menu,FFFFFFF
kitchen_sync_menu,D58
kitchen_sync_menu,F
kitchen_sync_menu,FFFFFFF
kitchen_sync_menu,FFFFFFFF
kitchen_sync_menu,
kitchen_sync_menu,D58
kitchen_sync_menu,FFFFFFFF
kitchen_sync_menu,FFFFFFFF
kitchen_sync_menu,
kitchen_sync_menu,D58
kitchen_sync_menu,FFFFFFFF
kitchen_sync_menu,FFFF
kitchen_sync_menu,FFFF
kitchen_1,10
kitchen_1,10
kitchen_1,10
kitchen_1,
kitchen_1,10
kitchen_1,10
kitchen_1,10
kitchen_2,810
kitchen_2,810
kitchen_2,810
kitchen_2,810
kitchen_2,810
kitchen_2,810
kitchen_3,410
kitchen_3,410
kitchen_3,4
kitchen_3,10
kitchen_3,410
kitchen_3,410
kitchen_3,410
kitchen_3,410
kitchen_4,C10
kitchen_4,C
kitchen_4,10
kitchen_4,C10
kitchen_4,C10
kitchen_4,C10
kitchen_4,C10
kitchen_4,C10
kitchen_4,C10
kitchen_4,
kitchen_4,C10
kitchen_5,210
kitchen_5,210
kitchen_5,
kitchen_5,210
kitchen_5,210
kitchen_5,210
kitchen_5,210
kitchen_5,
kitchen_5,210
kitchen_5,2
kitchen_5,10
kitchen_5,210
kitchen_6,A10
kitchen_6,
kitchen_6,A10
kitchen_6,A10
kitchen_6,A10
kitchen_6,A10
kitchen_6,A10
kitchen_6,A10
kitchen_6,A10
kitchen_6,A10
kitchen_7,610
kitchen_7,6
kitchen_7,10
kitchen_7,610
kitchen_7,610
kitchen_7,610
kitchen_7,
kitchen_7,610
kitchen_7,610
kitchen_7,610
kitchen_7,610
kitchen_8,E10
kitchen_8,E10
kitchen_8,E10
kitchen_8,E10
kitchen_8,E10
kitchen_8,E10
kitchen_8,
kitchen_8,E10
kitchen_8,E10
kitchen_8,E1
kitchen_8,0
kitchen_8,E10
kitchen_8,E10
kitchen_8,E1
kitchen_8,0
kitchen_8,E1
kitchen_8,0
kitchen_8,E10
kitchen_8,E10
kitchen_9,110
kitchen_9,
kitchen_9,110
kitchen_9,110
kitchen_9,11
kitchen_9,0
kitchen_9,110
kitchen_9,110
kitchen_peroid,5CE9
kitchen_peroid,FFFFFFFF
kitchen_peroid,FFFFFFFF
kitchen_peroid,5CE9
kitchen_peroid,FFFFFFFF
kitchen_peroid,FFFFFFF
kitchen_peroid,F
kitchen_peroid,5CE9
kitchen_peroid,FFFFFFFF
kitchen_peroid,FFF
kitchen_peroid,FFFFF
kitchen_peroid,5CE
kitchen_peroid,9
kitchen_peroid,FFFFFFFF
kitchen_peroid,FFFFFFFF
kitchen_0,910
kitchen_0,910
kitchen_0,
kitchen_0,910
kitchen_0,910
kitchen_0,910
kitchen_0,910
kitchen_pic_off,7D0
kitchen_pic_off,FFFFFFFF
kitchen_pic_off,F
kitchen_pic_off,FFFFFFF
kitchen_pic_off,7D0
kitchen_pic_off,FFFFFFFF
kitchen_pic_off,FF
kitchen_pic_off,FFFFFF
kitchen_pic_off,7D0
kitchen_pic_off,FFF
kitchen_pic_off,FFFFF
kitchen_pic_off,FFFFFFFF
kitchen_pic_off,7D0
kitchen_pic_off,
kitchen_pic_off,FFFFFFFF
kitchen_pic_off,FFFFFFFF
kitchen_pic_off,7D0
kitchen_pic_off,FFFFFFFF
kitchen_pic_off,
kitchen_pic_off,FFFFFFFF
kitchen_pic_off,7D0
kitchen_pic_off,FFFFFFFF
kitchen_pic_off,FFFF
kitchen_pic_off,FFFF
kitchen_pic_off,7D0
kitchen_pic_off,FFFFFFFF
kitchen_pic_off,FFFFFF
kitchen_pic_off,FF
kitchen_pic_off,7D0
kitchen_pic_off,
kitchen_pic_off,FFFFFFF
kitchen_pic_off,F
kitchen_pic_off,FFFFFFFF
kitchen_pic_off,FFF
kitchen_pic_off,FFFFF
kitchen_pic_off,7D0
kitchen_pic_off,
kitchen_pic_off,FFFFFFF
kitchen_pic_off,F
kitchen_pic_off,FFFFFFFF
kitchen_yellow,7.20E+10
kitchen_yellow,FFFFFFFF
kitchen_yellow,FFFF
kitchen_yellow,FFFF
kitchen_yellow,7.20E+10
kitchen_yellow,FFFFFFFF
kitchen_yellow,F
kitchen_yellow,FFFFFFF
kitchen_yellow,7.20E+10
kitchen_yellow,FFFFFFFF
kitchen_yellow,FFFF
kitchen_yellow,FFFF
kitchen_yellow,7.20E+10
kitchen_yellow,FFFFFFFF
kitchen_yellow,FFFFFFFF
kitchen_yellow,72
kitchen_yellow,E9
kitchen_yellow,FFFFFF
kitchen_yellow,FF
kitchen_yellow,FFFFFFFF
kitchen_yellow,7.20E+10
kitchen_yellow,FFFFFFFF
kitchen_yellow,FFFFFFFF
kitchen_blue,1.20E+10
kitchen_blue,F
kitchen_blue,FFFFFFF
kitchen_blue,FFFFFFFF
kitchen_blue,
kitchen_blue,12
kitchen_blue,E9
kitchen_blue,FFFFFF
kitchen_blue,FF
kitchen_blue,FFFFFFFF
kitchen_blue,FFFFFFFF
kitchen_blue,1.20E+10
kitchen_blue,FFFFFFFF
kitchen_blue,FFF
kitchen_blue,FFFFF
kitchen_blue,1.20E+10
kitchen_blue,FF
kitchen_blue,FFFFFF
kitchen_blue,FFFFFF
kitchen_blue,FF
kitchen_blue,FFFFFFFF
kitchen_blue,1.20E+10
kitchen_blue,FFFFFFFF
kitchen_blue,FF
kitchen_blue,FFFF
kitchen_blue,FF
kitchen_blue,FFFFFFFF
kitchen_blue,1
kitchen_blue,2.00E+09
kitchen_blue,FFFFFFFF
kitchen_blue,
kitchen_blue,FFFFFFFF
kitchen_blue,F
kitchen_blue,FFFFFFF
kitchen_red,5.20E+10
kitchen_red,FFFFFFFF
kitchen_red,FF
kitchen_red,FFFFFF
kitchen_red,5.20E+10
kitchen_red,FFF
kitchen_red,FFFFF
kitchen_red,FFFFFFF
kitchen_red,F
kitchen_red,52
kitchen_red,E9
kitchen_red,FFFFFF
kitchen_red,FF
kitchen_red,FFFFFFFF
kitchen_red,FFFFFFFF
kitchen_red,5.20E+10
kitchen_red,FFFFFFFF
kitchen_red,FFFFFFFF
kitchen_green,3.20E+10
kitchen_green,FFFFFFFF
kitchen_green,FFFFFFFF
kitchen_green,3.20E+10
kitchen_green,FFFFFFFF
kitchen_green,FFF
kitchen_green,FFFFF
kitchen_green,3.20E+10
kitchen_green,FFFFFFFF
kitchen_green,F
kitchen_green,FFFFFFF
kitchen_green,32E
kitchen_green,9
kitchen_green,FFFFFFFF
kitchen_green,FFFFFFFF
kitchen_green,32E
kitchen_green,9
kitchen_green,FFFFFFF
kitchen_green,F
kitchen_green,FFFFFFFF
kitchen_green,3.20E+10
kitchen_green,
kitchen_green,FFFFFFFF
kitchen_green,
kitchen_green,FFFFFFFF
kitchen_netflix,1F
kitchen_netflix,58
kitchen_netflix,FFFFFF
kitchen_netflix,FF
kitchen_netflix,FFFFFFFF
kitchen_netflix,1F58
kitchen_netflix,F
kitchen_netflix,FFFFFFF
kitchen_netflix,FFFFFFFF
kitchen_netflix,
kitchen_netflix,1F58
kitchen_netflix,FF
kitchen_netflix,FFFFFF
kitchen_netflix,FFFFFF
kitchen_netflix,FF
kitchen_netflix,1F58
kitchen_netflix,
kitchen_netflix,FFFFFFFF
kitchen_netflix,
kitchen_netflix,FFFFFFFF
kitchen_netflix,1F58
kitchen_netflix,FFFFFFFF
kitchen_netflix,FFFF
kitchen_netflix,FFFF
kitchen_netflix,1F58
kitchen_netflix,F
kitchen_netflix,FFFFFFF
kitchen_netflix,FFFFF
kitchen_netflix,FFF
kitchen_netflix,1F58
kitchen_netflix,FFFFFFFF
kitchen_netflix,FFFFF
kitchen_netflix,FFF
kitchen_display,5D0
kitchen_display,FFF
kitchen_display,FFFFF
kitchen_display,FFFFFFF
kitchen_display,F
kitchen_display,5D0
kitchen_display,FFFFFFFF
kitchen_display,FF
kitchen_display,FFFFFF
kitchen_display,5D0
kitchen_display,FFFFFFFF
kitchen_display,F
kitchen_display,FFFF
kitchen_display,FFF
kitchen_display,5D0
kitchen_display,FFFFFFFF
kitchen_display,F
kitchen_display,FFFFFFF
kitchen_sleep,6D0
kitchen_sleep,FFFFFFFF
kitchen_sleep,FFFFFFFF
kitchen_sleep,6D0
kitchen_sleep,FFFFFFFF
kitchen_sleep,FFFF
kitchen_sleep,FFFF
kitchen_sleep,6D0
kitchen_sleep,F
kitchen_sleep,FFFFFFF
kitchen_sleep,FFFFFFFF
kitchen_sleep,
kitchen_return,6.20E+10
kitchen_return,FFFFFFFF
kitchen_return,F
kitchen_return,FFFFFFF
kitchen_return,62E
kitchen_return,9
kitchen_return,FFFFFFF
kitchen_return,F
kitchen_return,FFFFFFFF
kitchen_return,6.20E+10
kitchen_return,FFFFFFFF
kitchen_return,F
kitchen_return,FFFF
kitchen_return,FFF
kitchen_return,6.20E+10
kitchen_return,FFFFFFFF
kitchen_return,FFF
kitchen_return,FFFFF
kitchen_return,6.20E+10
kitchen_return,FF
kitchen_return,FFFFFF
kitchen_return,FFFFFF
kitchen_return,FF
kitchen_return,6.20E+10
kitchen_return,FFFFFFFF
kitchen_return,FFFFFFFF
kitchen_home,70
kitchen_home,70
kitchen_home,
kitchen_home,70
kitchen_home,70
kitchen_home,70
kitchen_home,70
kitchen_home,70
kitchen_home,
kitchen_home,70
kitchen_home,70
kitchen_home,70
kitchen_home,
kitchen_home,70
kitchen_home,70
kitchen_home,70
kitchen_home,70
kitchen_home,7
kitchen_home,0
kitchen_home,70
kitchen_home,70
kitchen_options,3.60E+10
kitchen_options,
kitchen_options,FFFFFFFF
kitchen_options,
kitchen_options,FFFFFFFF
kitchen_options,FF
kitchen_options,FFFFFF
kitchen_options,3
kitchen_options,6.00E+09
kitchen_options,FFFFFFFF
kitchen_options,
kitchen_options,FFFFFFFF
kitchen_options,3.60E+10
kitchen_options,
kitchen_options,FFFFFFFF
kitchen_options,
kitchen_options,FFFFFFFF
kitchen_options,F
kitchen_options,FFFFFFF
kitchen_options,3.60E+10
kitchen_options,FFFFFFFF
kitchen_options,FFFFFFFF
kitchen_options,FFF
kitchen_options,FFFFF
kitchen_options,3.60E+10
kitchen_options,FFFFFFFF
kitchen_options,FFFFFFFF
kitchen_options,FFFFFF
kitchen_options,FF
kitchen_wide,5.00E+25
kitchen_wide,FFFFFFFF
kitchen_wide,FFFFFFFF
kitchen_wide,FFF
kitchen_wide,FFFFF
kitchen_wide,FFFFFFF
kitchen_wide,F
kitchen_wide,5.00E+25
kitchen_wide,FFFFFFFF
kitchen_wide,FFFFFFFF
kitchen_wide,FF
kitchen_wide,FFFFFF
kitchen_wide,5.00E+25
kitchen_wide,FFFFFFFF
kitchen_wide,FFFFFFFF
kitchen_wide,FFFF
kitchen_wide,FFFF
kitchen_wide,
kitchen_wide,5.00E+25
kitchen_wide,FFF
kitchen_wide,FFFFF
kitchen_wide,FFFFFFFF
kitchen_wide,FFFFFFFF
kitchen_nav_up,2F0
kitchen_nav_up,FFFFFFFF
kitchen_nav_up,F
kitchen_nav_up,FFFFFFF
kitchen_nav_up,2F0
kitchen_nav_up,FFFFFFF
kitchen_nav_up,F
kitchen_nav_up,FFFFFFFF
kitchen_nav_up,2
kitchen_nav_up,F0
kitchen_nav_up,FFFFF
kitchen_nav_up,FFF
kitchen_nav_up,FFFFFFFF
kitchen_nav_up,2
kitchen_nav_up,F0
kitchen_nav_up,FFFFF
kitchen_nav_up,FFF
kitchen_nav_up,FFFFFFFF
kitchen_nav_up,
kitchen_nav_up,2F0
kitchen_nav_up,FFFFFFFF
kitchen_nav_up,FF
kitchen_nav_up,FFFFFF
kitchen_nav_up,2F0
kitchen_nav_up,FF
kitchen_nav_up,FFFFFF
kitchen_nav_up,FFFFFF
kitchen_nav_up,FF
kitchen_nav_left,2
kitchen_nav_left,D0
kitchen_nav_left,2D0
kitchen_nav_left,2D0
kitchen_nav_left,2D0
kitchen_nav_left,
kitchen_nav_left,2D0
kitchen_nav_left,2D0
kitchen_nav_left,2D0
kitchen_nav_left,2D0
kitchen_nav_left,2D0
kitchen_nav_left,2D0
kitchen_nav_left,2D0
kitchen_nav_left,
kitchen_nav_left,2D0
kitchen_nav_left,2D0
kitchen_nav_left,2D0
kitchen_nav_left,2D0
kitchen_nav_left,2D0
kitchen_nav_down,AF0
kitchen_nav_down,FFFFFFFF
kitchen_nav_down,FF
kitchen_nav_down,FFFFFF
kitchen_nav_down,AF0
kitchen_nav_down,FFFFFFFF
kitchen_nav_down,FF
kitchen_nav_down,FFFFFF
kitchen_nav_down,AF
kitchen_nav_down,0
kitchen_nav_down,FFFFFF
kitchen_nav_down,FF
kitchen_nav_down,FFFFFFFF
kitchen_nav_down,AF0
kitchen_nav_down,FF
kitchen_nav_down,FFFFFF
kitchen_nav_down,FFFFFF
kitchen_nav_down,FF
kitchen_nav_down,AF0
kitchen_nav_down,FFFFFFFF
kitchen_nav_down,FFFFFFFF
kitchen_nav_down,FFFFFFFF
kitchen_nav_down,
kitchen_nav_down,AF0
kitchen_nav_down,FFFFFFFF
kitchen_nav_down,FFF
kitchen_nav_down,FFFFF
kitchen_nav_down,FFFFFFF
kitchen_nav_down,F
kitchen_nav_down,AF0
kitchen_nav_down,F
kitchen_nav_down,FFFFFFF
kitchen_nav_down,FFFFF
kitchen_nav_down,FFF
kitchen_nav_down,FFFFFFFF
kitchen_nav_down,
kitchen_nav_right,CD0
kitchen_nav_right,FFFFFFFF
kitchen_nav_right,
kitchen_nav_right,FFFFFFFF
kitchen_nav_right,CD0
kitchen_nav_right,FF
kitchen_nav_right,FFFF
kitchen_nav_right,FF
kitchen_nav_right,FFFFFFFF
kitchen_nav_right,
kitchen_nav_right,CD0
kitchen_nav_right,FFFFFFFF
kitchen_nav_right,FF
kitchen_nav_right,FFFFFF
kitchen_nav_right,CD0
kitchen_nav_right,FFFFFFFF
kitchen_nav_right,FFFFFFF
kitchen_nav_right,F
kitchen_nav_center,A70
kitchen_nav_center,FFFFFFFF
kitchen_nav_center,FFFFFFFF
kitchen_nav_center,A70
kitchen_nav_center,
kitchen_nav_center,FFFFFFFF
kitchen_nav_center,
kitchen_nav_center,FFFFFFFF
kitchen_nav_center,A70
kitchen_nav_center,F
kitchen_nav_center,FFFFFFF
kitchen_nav_center,FFFFFFFF
kitchen_nav_center,
kitchen_nav_center,A70
kitchen_nav_center,FFFFFFFF
kitchen_nav_center,FFF
kitchen_nav_center,FFFFF
kitchen_vol_up,49
kitchen_vol_up,0
kitchen_vol_up,490
kitchen_vol_up,490
kitchen_vol_up,490
kitchen_vol_up,4
kitchen_vol_up,90
kitchen_vol_up,490
kitchen_vol_up,4
kitchen_vol_up,90
kitchen_vol_up,490
kitchen_vol_up,490
kitchen_vol_up,490
kitchen_vol_up,490
kitchen_vol_up,
kitchen_vol_up,490
kitchen_vol_up,490
kitchen_vol_up,490
kitchen_vol_up,490
kitchen_vol_up,
kitchen_vol_up,490
kitchen_vol_up,
kitchen_vol_up,490
kitchen_vol_up,490
kitchen_vol_down,C90
kitchen_vol_down,
kitchen_vol_down,C90
kitchen_vol_down,C90
kitchen_vol_down,C90
kitchen_vol_down,C90
kitchen_vol_down,C
kitchen_vol_down,90
kitchen_vol_down,C
kitchen_vol_down,90
kitchen_vol_down,C90
kitchen_vol_down,C90
kitchen_jump,DD0
kitchen_jump,FFFFFFFF
kitchen_jump,
kitchen_jump,FFFFFFFF
kitchen_jump,DD0
kitchen_jump,FFFFFFFF
kitchen_jump,FF
kitchen_jump,FFFFFF
kitchen_jump,DD0
kitchen_jump,FFFFFFFF
kitchen_jump,FFFFFFFF
kitchen_jump,DD0
kitchen_jump,FF
kitchen_jump,FFFFFF
kitchen_jump,FFFFFF
kitchen_jump,FF
kitchen_jump,FFFFFFFF
kitchen_jump,DD0
kitchen_jump,FFFFFFFF
kitchen_jump,
kitchen_jump,FFFFFFFF
kitchen_jump,FFFFF
kitchen_jump,FFF
kitchen_muting,290
kitchen_muting,290
kitchen_muting,290
kitchen_muting,290
kitchen_muting,290
kitchen_muting,
kitchen_muting,290
kitchen_muting,290
kitchen_muting,290
kitchen_muting,
kitchen_muting,290
kitchen_muting,290
kitchen_muting,290
kitchen_muting,290
kitchen_muting,
kitchen_ch_up,90
kitchen_ch_up,90
kitchen_ch_up,
kitchen_ch_up,90
kitchen_ch_up,90
kitchen_ch_up,90
kitchen_ch_up,90
kitchen_ch_up,90
kitchen_ch_up,90
kitchen_ch_up,90
kitchen_ch_up,90
kitchen_ch_up,90
kitchen_ch_up,90
kitchen_ch_down,890
kitchen_ch_down,890
kitchen_ch_down,890
kitchen_ch_down,8
kitchen_ch_down,90
kitchen_ch_down,890
kitchen_ch_down,8
kitchen_ch_down,90
kitchen_ch_down,890
kitchen_ch_down,890
kitchen_ch_down,890
kitchen_ch_down,
kitchen_ch_down,890
kitchen_ch_down,890
kitchen_ch_down,890
kitchen_ch_down,
kitchen_ch_down,890
kitchen_ch_down,890
kitchen_ch_down,890
kitchen_ch_down,890
kitchen_audio,E90
kitchen_audio,FFFFFFFF
kitchen_audio,FFFFFFFF
kitchen_audio,E90
kitchen_audio,FFFFFFFF
kitchen_audio,FF
kitchen_audio,FFFF
kitchen_audio,FF
kitchen_audio,E90
kitchen_audio,
kitchen_audio,FFFFFFFF
kitchen_audio,FFFFFFFF
kitchen_audio,E90
kitchen_audio,F
kitchen_audio,FFFFFFF
kitchen_audio,FFFFFFFF
kitchen_audio,
kitchen_audio,E90
kitchen_audio,FFF
kitchen_audio,FFFFF
kitchen_audio,FFFFFFF
kitchen_audio,F
kitchen_subtitle,425
kitchen_subtitle,FFFFFFFF
kitchen_subtitle,F
kitchen_subtitle,FFFFFFF
kitchen_subtitle,4
kitchen_subtitle,25
kitchen_subtitle,FFFFF
kitchen_subtitle,FFF
kitchen_subtitle,FFFFFFFF
kitchen_subtitle,
kitchen_subtitle,425
kitchen_subtitle,FFFFF
kitchen_subtitle,FFF
kitchen_subtitle,FFFFFFFF
kitchen_subtitle,
kitchen_subtitle,425
kitchen_subtitle,
kitchen_subtitle,FFFFFFF
kitchen_subtitle,F
kitchen_subtitle,FFFFFFFF
kitchen_subtitle,425
kitchen_subtitle,FFF
kitchen_subtitle,FFFFF
kitchen_subtitle,FFFFFFF
kitchen_subtitle,F
kitchen_rewind,6CE9
kitchen_rewind,FFFFFFFF
kitchen_rewind,FFFFFFFF
kitchen_rewind,6CE9
kitchen_rewind,FFFFFFFF
kitchen_rewind,FFFFFF
kitchen_rewind,FF
kitchen_rewind,6CE9
kitchen_rewind,F
kitchen_rewind,FFFFFFF
kitchen_rewind,FFFFF
kitchen_rewind,FFF
kitchen_rewind,6CE9
kitchen_rewind,FFFFFF
kitchen_rewind,FF
kitchen_rewind,FFFFFFFF
kitchen_rewind,6CE9
kitchen_rewind,FFFFF
kitchen_rewind,FFF
kitchen_rewind,FFFFFFFF
kitchen_rewind,
kitchen_rewind,6CE
kitchen_rewind,9
kitchen_rewind,FFFFFFF
kitchen_rewind,F
kitchen_rewind,FFFFFFFF
kitchen_rewind,6CE9
kitchen_rewind,FFFFFFFF
kitchen_rewind,F
kitchen_rewind,FFFFFFF
kitchen_play,2CE9
kitchen_play,FFFFFFFF
kitchen_play,FFFFFFFF
kitchen_play,2CE9
kitchen_play,FFFFFFFF
kitchen_play,FFF
kitchen_play,FFFFF
kitchen_play,2C
kitchen_play,E9
kitchen_play,FFFFFFFF
kitchen_play,FFFFFFFF
kitchen_play,2CE9
kitchen_play,FFFFFFFF
kitchen_play,F
kitchen_play,FFFFFFF
kitchen_fastforward,1CE9
kitchen_fastforward,FFFFFFFF
kitchen_fastforward,FFFFF
kitchen_fastforward,FFF
kitchen_fastforward,1CE9
kitchen_fastforward,FFFFFFFF
kitchen_fastforward,FFFF
kitchen_fastforward,FFFF
kitchen_fastforward,1CE9
kitchen_fastforward,FFFFFFFF
kitchen_fastforward,FF
kitchen_fastforward,FFFFFF
kitchen_fastforward,1CE9
kitchen_fastforward,FFFFFFFF
kitchen_fastforward,FFFFFFFF
kitchen_fastforward,1CE9
kitchen_fastforward,FFFFFFFF
kitchen_fastforward,FFFFFFF
kitchen_fastforward,F
kitchen_prev,1EE9
kitchen_prev,FFFFFFFF
kitchen_prev,FFFFFFFF
kitchen_prev,1EE9
kitchen_prev,FFFFFFFF
kitchen_prev,FF
kitchen_prev,FFFFFF
kitchen_prev,1EE9
kitchen_prev,FFFFFFFF
kitchen_prev,FFFFFFFF
kitchen_pause,4CE9
kitchen_pause,FFFFFF
kitchen_pause,FF
kitchen_pause,FFFFFFFF
kitchen_pause,
kitchen_pause,4CE9
kitchen_pause,FFF
kitchen_pause,FFFFF
kitchen_pause,FFFFFFF
kitchen_pause,F
kitchen_pause,4CE9
kitchen_pause,FFFFFFFF
kitchen_pause,FFFFFFFF
kitchen_pause,4CE9
kitchen_pause,FFFFFFFF
kitchen_pause,FFFFFFFF
kitchen_pause,4CE9
kitchen_pause,FFFFFFFF
kitchen_pause,FFFFF
kitchen_pause,FFF
kitchen_pause,4CE9
kitchen_pause,F
kitchen_pause,FFFFFFF
kitchen_pause,FFFFFFFF
kitchen_pause,
kitchen_next,5EE9
kitchen_next,FFFFFFFF
kitchen_next,FFF
kitchen_next,FFFFF
kitchen_next,5EE9
kitchen_next,FF
kitchen_next,FFFFFF
kitchen_next,FFFFF
kitchen_next,FFF
kitchen_next,5EE9
kitchen_next,FFFFFFFF
kitchen_next,FF
kitchen_next,FFFFFF
kitchen_next,5EE9
kitchen_next,FFFFFFFF
kitchen_next,FFFF
kitchen_next,FFFF
kitchen_replay,4FE9
kitchen_replay,FFFFFFFF
kitchen_replay,FF
kitchen_replay,FFFFFF
kitchen_replay,4FE9
kitchen_replay,FFFF
kitchen_replay,FFFF
kitchen_replay,FFFFFFFF
kitchen_replay,
kitchen_replay,4FE9
kitchen_replay,FFFFFFFF
kitchen_replay,FFF
kitchen_replay,FFFFF
kitchen_replay,4FE9
kitchen_replay,FFFFFFFF
kitchen_replay,FFFFFFFF
kitchen_replay,4FE9
kitchen_replay,FFFFFFFF
kitchen_replay,FFFFFFFF
kitchen_replay,4FE9
kitchen_replay,FF
kitchen_replay,FFFFFF
kitchen_replay,FFFFFFFF
kitchen_stop,CE9
kitchen_stop,FFFFFFFF
kitchen_stop,F
kitchen_stop,FFFFFFF
kitchen_stop,C
kitchen_stop,E9
kitchen_stop,FFFFFFFF
kitchen_stop,
kitchen_stop,FFFFFFFF
kitchen_stop,
kitchen_stop,C
kitchen_stop,E9
kitchen_stop,FFFFF
kitchen_stop,FFF
kitchen_stop,FFFFFFFF
kitchen_stop,
kitchen_stop,FFFFFFFF
kitchen_stop,CE9
kitchen_stop,FFFFFFFF
kitchen_stop,FFFF
kitchen_stop,FFFF
kitchen_stop,CE9
kitchen_stop,FFFFFFFF
kitchen_stop,F
kitchen_stop,FFFFFFF
kitchen_stop,FFFFFFFF
kitchen_stop,
kitchen_stop,CE9
kitchen_stop,FFFFFFFF
kitchen_stop,FFF
kitchen_stop,FFFFF
kitchen_advance,F
kitchen_advance,E9
kitchen_advance,FFFFF
kitchen_advance,FFF
kitchen_advance,
kitchen_advance,FFFFFFFF
kitchen_advance,FE9
kitchen_advance,FFFFFFFF
kitchen_advance,FFFF
kitchen_advance,FFFF
kitchen_advance,FFFFFFFF
kitchen_advance,
kitchen_advance,FE9
kitchen_advance,FFFFFFFF
kitchen_advance,FFFFFF
kitchen_advance,FF
kitchen_advance,FFFFFFFF
kitchen_advance,FE9
kitchen_advance,FFFFFFFF
kitchen_advance,FF
kitchen_advance,FFFFFF
kitchen_advance,FFFFFFFF
kitchen_advance,FE9
kitchen_advance,FFFFFFFF
kitchen_advance,FFFFFF
kitchen_advance,FF
kitchen_advance,FFFFFFFF
